<?xml version="1.0" encoding="UTF-8"?>
<project-private xmlns="http://www.netbeans.org/ns/project-private/1">
    <editor-bookmarks xmlns="http://www.netbeans.org/ns/editor-bookmarks/2" lastBookmarkId="0"/>
    <open-files xmlns="http://www.netbeans.org/ns/projectui-open-files/2">
        <group>
            <file>file:/Users/harrisonwilliams/OneDrive%20-%20University%20of%20Mount%20Union/CSC120/Java/PA1/src/MUPanel.java</file>
            <file>file:/Users/harrisonwilliams/OneDrive%20-%20University%20of%20Mount%20Union/CSC120/Java/PA1/src/SmileyFaceAddOn.java</file>
            <file>file:/Users/harrisonwilliams/OneDrive%20-%20University%20of%20Mount%20Union/CSC120/Java/PA1/src/Logo.java</file>
            <file>file:/Users/harrisonwilliams/OneDrive%20-%20University%20of%20Mount%20Union/CSC120/Java/PA1/src/Initials.java</file>
        </group>
    </open-files>
</project-private>
